{
   "root_bodies" : null,
   "root_coedges" : null,
   "root_edges" : [
      {
         "body" : 1,
         "curve_type" : "straight",
         "ed_marknum" : 1,
         "marknum" : 1,
         "nonmanifold_count" : 4,
         "property" : {
            "direction_x" : 0.0,
            "direction_y" : 0.0,
            "direction_z" : 1.0,
            "root_point_x" : 0.0,
            "root_point_y" : 10.0,
            "root_point_z" : 0.0
         },
         "sampled_points" : [
            {
               "x" : 0.0,
               "y" : 10.0,
               "z" : -50.0
            },
            {
               "x" : 0.0,
               "y" : 10.0,
               "z" : -40.0
            },
            {
               "x" : 0.0,
               "y" : 10.0,
               "z" : -30.0
            },
            {
               "x" : 0.0,
               "y" : 10.0,
               "z" : -20.0
            },
            {
               "x" : 0.0,
               "y" : 10.0,
               "z" : -10.0
            },
            {
               "x" : 0.0,
               "y" : 10.0,
               "z" : 0.0
            },
            {
               "x" : 0.0,
               "y" : 10.0,
               "z" : 10.0
            },
            {
               "x" : 0.0,
               "y" : 10.0,
               "z" : 20.0
            },
            {
               "x" : 0.0,
               "y" : 10.0,
               "z" : 30.0
            },
            {
               "x" : 0.0,
               "y" : 10.0,
               "z" : 40.0
            },
            {
               "x" : 0.0,
               "y" : 10.0,
               "z" : 50.0
            }
         ],
         "st_marknum" : 2
      },
      {
         "body" : 1,
         "curve_type" : "straight",
         "ed_marknum" : 5,
         "marknum" : 5,
         "nonmanifold_count" : 2,
         "property" : {
            "direction_x" : 0.0,
            "direction_y" : 0.0,
            "direction_z" : 1.0,
            "root_point_x" : 9.682458365518542,
            "root_point_y" : 17.50,
            "root_point_z" : 0.0
         },
         "sampled_points" : [
            {
               "x" : 9.682458365518542,
               "y" : 17.50,
               "z" : -50.0
            },
            {
               "x" : 9.682458365518542,
               "y" : 17.50,
               "z" : -40.0
            },
            {
               "x" : 9.682458365518542,
               "y" : 17.50,
               "z" : -30.0
            },
            {
               "x" : 9.682458365518542,
               "y" : 17.50,
               "z" : -20.0
            },
            {
               "x" : 9.682458365518542,
               "y" : 17.50,
               "z" : -10.0
            },
            {
               "x" : 9.682458365518542,
               "y" : 17.50,
               "z" : 0.0
            },
            {
               "x" : 9.682458365518542,
               "y" : 17.50,
               "z" : 10.0
            },
            {
               "x" : 9.682458365518542,
               "y" : 17.50,
               "z" : 20.0
            },
            {
               "x" : 9.682458365518542,
               "y" : 17.50,
               "z" : 30.0
            },
            {
               "x" : 9.682458365518542,
               "y" : 17.50,
               "z" : 40.0
            },
            {
               "x" : 9.682458365518542,
               "y" : 17.50,
               "z" : 50.0
            }
         ],
         "st_marknum" : 6
      },
      {
         "body" : 1,
         "curve_type" : "ellipse",
         "ed_marknum" : 2,
         "marknum" : 2,
         "nonmanifold_count" : 2,
         "property" : {
            "centre_x" : 0.0,
            "centre_y" : 20.0,
            "centre_z" : -50.0,
            "major_axis_x" : 10.0,
            "major_axis_y" : 0.0,
            "major_axis_z" : 0.0,
            "major_length" : 10.0,
            "minor_length" : 10.0,
            "normal_x" : -0.0,
            "normal_y" : -0.0,
            "normal_z" : 1.0
         },
         "sampled_points" : [
            {
               "x" : -9.682458365518542,
               "y" : 17.50,
               "z" : -50.0
            },
            {
               "x" : -9.269891487666797,
               "y" : 16.24911852934772,
               "z" : -50.0
            },
            {
               "x" : -8.696499790121546,
               "y" : 15.06331169705683,
               "z" : -50.0
            },
            {
               "x" : -7.972231136511415,
               "y" : 13.96315225419442,
               "z" : -50.0
            },
            {
               "x" : -7.109650978738562,
               "y" : 12.96772704166556,
               "z" : -50.0
            },
            {
               "x" : -6.123724356957943,
               "y" : 12.09430584957905,
               "z" : -50.0
            },
            {
               "x" : -5.031556268718866,
               "y" : 11.35804180091596,
               "z" : -50.0
            },
            {
               "x" : -3.852094911645845,
               "y" : 10.77170845759237,
               "z" : -50.0
            },
            {
               "x" : -2.605802948148574,
               "y" : 10.34547820990495,
               "z" : -50.0
            },
            {
               "x" : -1.314302495441871,
               "y" : 10.08674579411608,
               "z" : -50.0
            },
            {
               "x" : 0.0,
               "y" : 10.0,
               "z" : -50.0
            }
         ],
         "st_marknum" : 3
      },
      {
         "body" : 1,
         "curve_type" : "ellipse",
         "ed_marknum" : 4,
         "marknum" : 4,
         "nonmanifold_count" : 2,
         "property" : {
            "centre_x" : 0.0,
            "centre_y" : 20.0,
            "centre_z" : 50.0,
            "major_axis_x" : 10.0,
            "major_axis_y" : 0.0,
            "major_axis_z" : 0.0,
            "major_length" : 10.0,
            "minor_length" : 10.0,
            "normal_x" : -0.0,
            "normal_y" : -0.0,
            "normal_z" : -1.0
         },
         "sampled_points" : [
            {
               "x" : 0.0,
               "y" : 10.0,
               "z" : 50.0
            },
            {
               "x" : -1.314302495441871,
               "y" : 10.08674579411608,
               "z" : 50.0
            },
            {
               "x" : -2.605802948148574,
               "y" : 10.34547820990495,
               "z" : 50.0
            },
            {
               "x" : -3.852094911645845,
               "y" : 10.77170845759237,
               "z" : 50.0
            },
            {
               "x" : -5.031556268718866,
               "y" : 11.35804180091596,
               "z" : 50.0
            },
            {
               "x" : -6.123724356957943,
               "y" : 12.09430584957905,
               "z" : 50.0
            },
            {
               "x" : -7.109650978738562,
               "y" : 12.96772704166556,
               "z" : 50.0
            },
            {
               "x" : -7.972231136511415,
               "y" : 13.96315225419442,
               "z" : 50.0
            },
            {
               "x" : -8.696499790121546,
               "y" : 15.06331169705683,
               "z" : 50.0
            },
            {
               "x" : -9.269891487666797,
               "y" : 16.24911852934772,
               "z" : 50.0
            },
            {
               "x" : -9.682458365518542,
               "y" : 17.50,
               "z" : 50.0
            }
         ],
         "st_marknum" : 1
      },
      {
         "body" : 1,
         "curve_type" : "ellipse",
         "ed_marknum" : 1,
         "marknum" : 7,
         "nonmanifold_count" : 2,
         "property" : {
            "centre_x" : 0.0,
            "centre_y" : 20.0,
            "centre_z" : 50.0,
            "major_axis_x" : 10.0,
            "major_axis_y" : 0.0,
            "major_axis_z" : 0.0,
            "major_length" : 10.0,
            "minor_length" : 10.0,
            "normal_x" : -0.0,
            "normal_y" : -0.0,
            "normal_z" : -1.0
         },
         "sampled_points" : [
            {
               "x" : 9.682458365518542,
               "y" : 17.50,
               "z" : 50.0
            },
            {
               "x" : 9.269891487666797,
               "y" : 16.24911852934772,
               "z" : 50.0
            },
            {
               "x" : 8.696499790121546,
               "y" : 15.06331169705683,
               "z" : 50.0
            },
            {
               "x" : 7.972231136511415,
               "y" : 13.96315225419442,
               "z" : 50.0
            },
            {
               "x" : 7.109650978738564,
               "y" : 12.96772704166556,
               "z" : 50.0
            },
            {
               "x" : 6.123724356957945,
               "y" : 12.09430584957905,
               "z" : 50.0
            },
            {
               "x" : 5.031556268718869,
               "y" : 11.35804180091596,
               "z" : 50.0
            },
            {
               "x" : 3.852094911645846,
               "y" : 10.77170845759237,
               "z" : 50.0
            },
            {
               "x" : 2.605802948148577,
               "y" : 10.34547820990495,
               "z" : 50.0
            },
            {
               "x" : 1.314302495441873,
               "y" : 10.08674579411608,
               "z" : 50.0
            },
            {
               "x" : 0.0,
               "y" : 10.0,
               "z" : 50.0
            }
         ],
         "st_marknum" : 5
      },
      {
         "body" : 1,
         "curve_type" : "ellipse",
         "ed_marknum" : 6,
         "marknum" : 6,
         "nonmanifold_count" : 2,
         "property" : {
            "centre_x" : 0.0,
            "centre_y" : 20.0,
            "centre_z" : -50.0,
            "major_axis_x" : 10.0,
            "major_axis_y" : 0.0,
            "major_axis_z" : 0.0,
            "major_length" : 10.0,
            "minor_length" : 10.0,
            "normal_x" : -0.0,
            "normal_y" : -0.0,
            "normal_z" : 1.0
         },
         "sampled_points" : [
            {
               "x" : 0.0,
               "y" : 10.0,
               "z" : -50.0
            },
            {
               "x" : 1.314302495441873,
               "y" : 10.08674579411608,
               "z" : -50.0
            },
            {
               "x" : 2.605802948148577,
               "y" : 10.34547820990495,
               "z" : -50.0
            },
            {
               "x" : 3.852094911645846,
               "y" : 10.77170845759237,
               "z" : -50.0
            },
            {
               "x" : 5.031556268718869,
               "y" : 11.35804180091596,
               "z" : -50.0
            },
            {
               "x" : 6.123724356957945,
               "y" : 12.09430584957905,
               "z" : -50.0
            },
            {
               "x" : 7.109650978738564,
               "y" : 12.96772704166556,
               "z" : -50.0
            },
            {
               "x" : 7.972231136511415,
               "y" : 13.96315225419442,
               "z" : -50.0
            },
            {
               "x" : 8.696499790121546,
               "y" : 15.06331169705683,
               "z" : -50.0
            },
            {
               "x" : 9.269891487666797,
               "y" : 16.24911852934772,
               "z" : -50.0
            },
            {
               "x" : 9.682458365518542,
               "y" : 17.50,
               "z" : -50.0
            }
         ],
         "st_marknum" : 2
      },
      {
         "body" : 1,
         "curve_type" : "straight",
         "ed_marknum" : 3,
         "marknum" : 3,
         "nonmanifold_count" : 2,
         "property" : {
            "direction_x" : -0.0,
            "direction_y" : -0.0,
            "direction_z" : -1.0,
            "root_point_x" : -9.682458365518542,
            "root_point_y" : 17.50,
            "root_point_z" : 0.0
         },
         "sampled_points" : [
            {
               "x" : -9.682458365518542,
               "y" : 17.50,
               "z" : 50.0
            },
            {
               "x" : -9.682458365518542,
               "y" : 17.50,
               "z" : 40.0
            },
            {
               "x" : -9.682458365518542,
               "y" : 17.50,
               "z" : 30.0
            },
            {
               "x" : -9.682458365518542,
               "y" : 17.50,
               "z" : 20.0
            },
            {
               "x" : -9.682458365518542,
               "y" : 17.50,
               "z" : 10.0
            },
            {
               "x" : -9.682458365518542,
               "y" : 17.50,
               "z" : 0.0
            },
            {
               "x" : -9.682458365518542,
               "y" : 17.50,
               "z" : -10.0
            },
            {
               "x" : -9.682458365518542,
               "y" : 17.50,
               "z" : -20.0
            },
            {
               "x" : -9.682458365518542,
               "y" : 17.50,
               "z" : -30.0
            },
            {
               "x" : -9.682458365518542,
               "y" : 17.50,
               "z" : -40.0
            },
            {
               "x" : -9.682458365518542,
               "y" : 17.50,
               "z" : -50.0
            }
         ],
         "st_marknum" : 4
      },
      {
         "body" : 1,
         "curve_type" : "ellipse",
         "ed_marknum" : 1,
         "marknum" : 8,
         "nonmanifold_count" : 2,
         "property" : {
            "centre_x" : 0.0,
            "centre_y" : 0.0,
            "centre_z" : 50.0,
            "major_axis_x" : 10.0,
            "major_axis_y" : 0.0,
            "major_axis_z" : 0.0,
            "major_length" : 10.0,
            "minor_length" : 10.0,
            "normal_x" : -0.0,
            "normal_y" : -0.0,
            "normal_z" : -1.0
         },
         "sampled_points" : [
            {
               "x" : 0.0,
               "y" : 10.0,
               "z" : 50.0
            },
            {
               "x" : 5.877852522924732,
               "y" : 8.090169943749475,
               "z" : 50.0
            },
            {
               "x" : 9.510565162951535,
               "y" : 3.090169943749474,
               "z" : 50.0
            },
            {
               "x" : 9.510565162951535,
               "y" : -3.090169943749474,
               "z" : 50.0
            },
            {
               "x" : 5.877852522924732,
               "y" : -8.090169943749475,
               "z" : 50.0
            },
            {
               "x" : 6.123031769111886e-016,
               "y" : -10.0,
               "z" : 50.0
            },
            {
               "x" : -5.877852522924729,
               "y" : -8.090169943749475,
               "z" : 50.0
            },
            {
               "x" : -9.510565162951535,
               "y" : -3.090169943749475,
               "z" : 50.0
            },
            {
               "x" : -9.510565162951536,
               "y" : 3.090169943749472,
               "z" : 50.0
            },
            {
               "x" : -5.877852522924732,
               "y" : 8.090169943749473,
               "z" : 50.0
            },
            {
               "x" : 0.0,
               "y" : 10.0,
               "z" : 50.0
            }
         ],
         "st_marknum" : 1
      },
      {
         "body" : 1,
         "curve_type" : "ellipse",
         "ed_marknum" : 2,
         "marknum" : 10,
         "nonmanifold_count" : 2,
         "property" : {
            "centre_x" : 0.0,
            "centre_y" : 0.0,
            "centre_z" : -50.0,
            "major_axis_x" : 10.0,
            "major_axis_y" : 0.0,
            "major_axis_z" : 0.0,
            "major_length" : 10.0,
            "minor_length" : 10.0,
            "normal_x" : -0.0,
            "normal_y" : -0.0,
            "normal_z" : 1.0
         },
         "sampled_points" : [
            {
               "x" : 0.0,
               "y" : 10.0,
               "z" : -50.0
            },
            {
               "x" : -5.877852522924729,
               "y" : 8.090169943749475,
               "z" : -50.0
            },
            {
               "x" : -9.510565162951535,
               "y" : 3.090169943749475,
               "z" : -50.0
            },
            {
               "x" : -9.510565162951536,
               "y" : -3.090169943749472,
               "z" : -50.0
            },
            {
               "x" : -5.877852522924732,
               "y" : -8.090169943749473,
               "z" : -50.0
            },
            {
               "x" : -1.836909530733566e-015,
               "y" : -10.0,
               "z" : -50.0
            },
            {
               "x" : 5.877852522924729,
               "y" : -8.090169943749475,
               "z" : -50.0
            },
            {
               "x" : 9.510565162951535,
               "y" : -3.090169943749475,
               "z" : -50.0
            },
            {
               "x" : 9.510565162951536,
               "y" : 3.090169943749471,
               "z" : -50.0
            },
            {
               "x" : 5.877852522924734,
               "y" : 8.090169943749473,
               "z" : -50.0
            },
            {
               "x" : 0.0,
               "y" : 10.0,
               "z" : -50.0
            }
         ],
         "st_marknum" : 2
      },
      {
         "body" : 1,
         "curve_type" : "ellipse",
         "ed_marknum" : 5,
         "marknum" : 9,
         "nonmanifold_count" : 2,
         "property" : {
            "centre_x" : 0.0,
            "centre_y" : 0.0,
            "centre_z" : 50.0,
            "major_axis_x" : 20.0,
            "major_axis_y" : 0.0,
            "major_axis_z" : 0.0,
            "major_length" : 20.0,
            "minor_length" : 20.0,
            "normal_x" : 0.0,
            "normal_y" : 0.0,
            "normal_z" : 1.0
         },
         "sampled_points" : [
            {
               "x" : -9.682458365518542,
               "y" : 17.50,
               "z" : 50.0
            },
            {
               "x" : -17.17276351617630,
               "y" : 10.25164343983365,
               "z" : 50.0
            },
            {
               "x" : -19.99880252839166,
               "y" : 0.2188548157912892,
               "z" : 50.0
            },
            {
               "x" : -17.39299958024310,
               "y" : -9.873376605886319,
               "z" : 50.0
            },
            {
               "x" : -10.06311253743775,
               "y" : -17.28391639816807,
               "z" : 50.0
            },
            {
               "x" : -3.673819061467132e-015,
               "y" : -20.0,
               "z" : 50.0
            },
            {
               "x" : 10.06311253743771,
               "y" : -17.28391639816809,
               "z" : 50.0
            },
            {
               "x" : 17.39299958024308,
               "y" : -9.873376605886348,
               "z" : 50.0
            },
            {
               "x" : 19.99880252839166,
               "y" : 0.2188548157912818,
               "z" : 50.0
            },
            {
               "x" : 17.17276351617631,
               "y" : 10.25164343983363,
               "z" : 50.0
            },
            {
               "x" : 9.682458365518542,
               "y" : 17.50,
               "z" : 50.0
            }
         ],
         "st_marknum" : 4
      },
      {
         "body" : 1,
         "curve_type" : "ellipse",
         "ed_marknum" : 3,
         "marknum" : 11,
         "nonmanifold_count" : 2,
         "property" : {
            "centre_x" : 0.0,
            "centre_y" : 0.0,
            "centre_z" : -50.0,
            "major_axis_x" : 20.0,
            "major_axis_y" : 0.0,
            "major_axis_z" : 0.0,
            "major_length" : 20.0,
            "minor_length" : 20.0,
            "normal_x" : 0.0,
            "normal_y" : 0.0,
            "normal_z" : -1.0
         },
         "sampled_points" : [
            {
               "x" : 9.682458365518542,
               "y" : 17.50,
               "z" : -50.0
            },
            {
               "x" : 17.17276351617630,
               "y" : 10.25164343983364,
               "z" : -50.0
            },
            {
               "x" : 19.99880252839166,
               "y" : 0.2188548157912823,
               "z" : -50.0
            },
            {
               "x" : 17.39299958024309,
               "y" : -9.873376605886337,
               "z" : -50.0
            },
            {
               "x" : 10.06311253743774,
               "y" : -17.28391639816808,
               "z" : -50.0
            },
            {
               "x" : -3.216285744678249e-015,
               "y" : -20.0,
               "z" : -50.0
            },
            {
               "x" : -10.06311253743774,
               "y" : -17.28391639816807,
               "z" : -50.0
            },
            {
               "x" : -17.39299958024309,
               "y" : -9.873376605886339,
               "z" : -50.0
            },
            {
               "x" : -19.99880252839166,
               "y" : 0.2188548157913021,
               "z" : -50.0
            },
            {
               "x" : -17.17276351617630,
               "y" : 10.25164343983365,
               "z" : -50.0
            },
            {
               "x" : -9.682458365518542,
               "y" : 17.50,
               "z" : -50.0
            }
         ],
         "st_marknum" : 6
      }
   ],
   "root_loops" : null,
   "root_lumps" : null,
   "root_shells" : null,
   "root_vertices" : [
      {
         "body" : 1,
         "marknum" : 2,
         "point" : {
            "x" : 0.0,
            "y" : 10.0,
            "z" : -50.0
         }
      },
      {
         "body" : 1,
         "marknum" : 1,
         "point" : {
            "x" : 0.0,
            "y" : 10.0,
            "z" : 50.0
         }
      },
      {
         "body" : 1,
         "marknum" : 6,
         "point" : {
            "x" : 9.682458365518542,
            "y" : 17.50,
            "z" : -50.0
         }
      },
      {
         "body" : 1,
         "marknum" : 5,
         "point" : {
            "x" : 9.682458365518542,
            "y" : 17.50,
            "z" : 50.0
         }
      },
      {
         "body" : 1,
         "marknum" : 3,
         "point" : {
            "x" : -9.682458365518542,
            "y" : 17.50,
            "z" : -50.0
         }
      },
      {
         "body" : 1,
         "marknum" : 4,
         "point" : {
            "x" : -9.682458365518542,
            "y" : 17.50,
            "z" : 50.0
         }
      }
   ]
}

